{
    "loss": 10.667184829711914,
    "accuracy": 0.5467625856399536
}