{
    "loss": 4.434413909912109,
    "accuracy": 0.5035971403121948
}